id,date
1,2016-04-01
2,2016-04-02
3,2016-04-03
4,2016-04-04
5,2016-04-05
6,2016-04-06
7,2016-04-07
8,2016-04-08
9,2016-04-09
10,2016-04-10
11,2016-04-11
12,2016-04-12
13,2016-04-13
14,2016-04-14
15,2016-04-15
16,2016-04-16
17,2016-04-17
18,2016-04-18
19,2016-04-19
20,2017-04-01
21,2017-04-02
22,2017-04-03
23,2017-04-04
24,2017-04-05
25,2017-04-06
26,2017-04-07
27,2017-04-08
28,2017-04-09
29,2017-04-10
30,2017-04-11
31,2017-04-12
32,2017-04-13
33,2017-04-14
34,2017-04-15
35,2017-04-16
36,2017-04-17
37,2017-04-18
38,2017-04-19
39,2017-04-20
40,2018-04-01
41,2018-04-02
42,2018-04-03
43,2018-04-04
44,2018-04-05
45,2018-04-06
46,2018-04-07
47,2018-04-08
48,2018-04-09
49,2018-04-10
50,2018-04-11
51,2018-04-12
52,2018-04-13
53,2018-04-14
54,2018-04-15
55,2018-04-16
56,2018-04-17
57,2018-04-18
58,2018-04-19
59,2018-04-20
60,2019-04-01
61,2019-04-02
62,2019-04-03
63,2019-04-04
64,2019-04-05
65,2019-04-06
66,2019-04-07
67,2019-04-08
68,2019-04-09
69,2019-04-10
70,2019-04-11
71,2019-04-12
72,2019-04-13
73,2019-04-14
74,2019-04-15
75,2019-04-16
76,2019-04-17
77,2019-04-18
78,2019-04-19
79,2019-04-20
80,2020-04-01
81,2020-04-02
82,2020-04-03
83,2020-04-04
84,2020-04-05
85,2020-04-06
86,2020-04-07
87,2020-04-08
88,2020-04-09
89,2020-04-10
90,2020-04-11
91,2020-04-12
92,2020-04-13
93,2020-04-14
94,2020-04-15
95,2020-04-16
96,2020-04-17
97,2020-04-18
98,2020-04-19
99,2020-04-20
100,2020-04-21
101,2020-04-22
102,2020-04-23
103,2020-04-24
104,2020-04-25
105,2020-04-26
106,2020-04-27
107,2020-04-28
108,2020-04-29
109,2020-04-30
110,2020-05-01
111,2020-05-02
